Engine Type,App Reference Number,Car Number
"
                                                    
                                                        Non-Electric
                                                        
                                                        
                                                        
                                                        
                                                        
                                                    
                                                ","   6372 - 0221 - 0030 - 1038
							","XF3104"